Designator,Mid X,Mid Y,Rotation,Layer
C1,385.665625,-130.446875,180.0,bottom
C10,406.65,-161.578125,90.0,bottom
C11,405.65,-161.578125,270.0,bottom
C12,386.910188,-195.52127,0.0,bottom
C2,385.7375,-141.775,0.0,bottom
C3,419.07,-168.15,180.0,bottom
C4,412.941873,-151.003635,0.0,bottom
C5,417.03,-170.675,180.0,bottom
C6,416.55,-158.975,90.0,bottom
C7,377.522688,-198.061271,90.0,bottom
C8,411.489411,-172.314411,45.0,bottom
C9,411.889411,-171.314411,45.0,bottom
D1,387.55,-135.575,270.0,bottom
D10,152.003166,-104.515625,90.0,bottom
D100,378.222106,-185.481089,90.0,bottom
D101,404.415878,-185.217256,90.0,bottom
D102,463.947178,-185.478125,90.0,bottom
D103,466.32843,-185.478125,90.0,bottom
D104,485.378446,-185.478125,90.0,bottom
D105,507.269088,-187.128125,180.0,bottom
D106,118.665638,-204.528125,90.0,bottom
D107,121.04689,-204.528125,90.0,bottom
D108,147.240662,-204.528125,90.0,bottom
D109,244.871994,-204.528125,90.0,bottom
D11,187.721946,-104.515625,90.0,bottom
D110,306.784546,-204.465625,90.0,bottom
D111,309.165798,-204.465625,90.0,bottom
D112,352.028334,-204.528125,90.0,bottom
D113,354.409586,-204.528125,90.0,bottom
D114,402.034626,-204.528125,90.0,bottom
D115,404.415878,-204.528125,90.0,bottom
D116,423.465894,-204.528125,90.0,bottom
D117,485.378446,-204.528125,90.0,bottom
D118,501.25346,-201.290623,90.0,bottom
D119,447.278414,-204.528125,90.0,bottom
D12,190.103198,-104.515625,90.0,bottom
D120,482.986205,-204.528125,90.0,bottom
D121,372.922688,-198.97127,90.0,bottom
D13,235.346986,-104.515625,90.0,bottom
D14,237.728238,-104.515625,90.0,bottom
D15,273.447018,-104.515625,90.0,bottom
D16,275.82827,-104.515625,90.0,bottom
D17,321.072058,-104.515625,90.0,bottom
D18,323.45331,-104.515625,90.0,bottom
D19,359.17209,-104.515625,90.0,bottom
D2,206.834375,-201.4875,0.0,bottom
D20,361.553342,-104.515625,90.0,bottom
D21,402.034626,-104.515625,90.0,bottom
D22,404.415878,-104.515625,90.0,bottom
D23,440.134658,-104.515625,90.0,bottom
D24,482.997194,-104.495262,90.0,bottom
D25,485.378446,-104.513081,90.0,bottom
D26,504.428462,-104.503125,90.0,bottom
D27,111.521882,-128.328125,90.0,bottom
D28,113.903134,-128.328125,90.0,bottom
D29,149.621914,-128.328125,90.0,bottom
D3,201.278125,-201.4875,0.0,bottom
D30,152.003166,-128.328125,90.0,bottom
D31,187.721946,-128.328125,90.0,bottom
D32,190.103198,-128.328125,90.0,bottom
D33,225.821978,-128.328125,90.0,bottom
D34,228.20323,-128.328125,90.0,bottom
D35,263.92201,-128.328125,90.0,bottom
D36,266.303262,-128.328125,90.0,bottom
D37,302.022042,-128.328125,90.0,bottom
D38,304.403294,-128.328125,90.0,bottom
D39,340.122074,-128.328125,90.0,bottom
D4,195.721875,-201.4875,0.0,bottom
D40,342.503326,-128.328125,90.0,bottom
D41,402.034626,-128.328125,90.0,bottom
D42,404.415878,-128.328125,90.0,bottom
D43,440.134658,-128.328125,90.0,bottom
D44,463.947178,-128.328125,90.0,bottom
D45,466.32843,-128.328125,90.0,bottom
D46,502.04721,-128.328125,90.0,bottom
D47,504.428462,-128.328125,90.0,bottom
D48,121.04689,-147.378125,90.0,bottom
D49,123.428142,-147.378125,90.0,bottom
D5,195.721875,-198.709375,0.0,bottom
D50,159.146922,-147.378125,90.0,bottom
D51,161.528174,-147.378125,90.0,bottom
D52,197.246954,-147.378125,90.0,bottom
D53,199.628206,-147.378125,90.0,bottom
D54,235.346986,-147.378125,90.0,bottom
D55,237.728238,-147.378125,90.0,bottom
D56,273.447018,-147.378125,90.0,bottom
D57,275.82827,-147.378125,90.0,bottom
D58,311.54705,-147.378125,90.0,bottom
D59,313.928302,-147.378125,90.0,bottom
D6,201.278125,-198.709375,0.0,bottom
D60,349.647082,-147.378125,90.0,bottom
D61,352.028334,-147.378125,90.0,bottom
D62,402.034626,-147.378125,90.0,bottom
D63,404.415878,-147.378125,90.0,bottom
D64,440.134658,-147.378125,90.0,bottom
D65,463.947178,-147.378125,90.0,bottom
D66,466.32843,-147.378125,90.0,bottom
D67,485.378446,-147.378125,90.0,bottom
D68,510.778125,-150.290625,180.0,bottom
D69,118.665638,-166.428125,90.0,bottom
D7,206.834375,-198.709375,0.0,bottom
D70,144.85941,-166.428125,90.0,bottom
D71,147.240662,-166.428125,90.0,bottom
D72,182.959442,-166.428125,90.0,bottom
D73,185.340694,-166.428125,90.0,bottom
D74,221.059474,-166.428125,90.0,bottom
D75,223.440726,-166.428125,90.0,bottom
D76,259.159506,-166.428125,90.0,bottom
D77,261.540758,-166.428125,90.0,bottom
D78,297.259538,-166.428125,90.0,bottom
D79,299.64079,-166.428125,90.0,bottom
D8,111.521882,-104.515625,90.0,bottom
D80,335.35957,-166.428125,90.0,bottom
D81,337.740822,-166.428125,90.0,bottom
D82,377.090854,-123.659375,90.0,bottom
D83,463.947178,-166.428125,90.0,bottom
D84,466.32843,-166.428125,90.0,bottom
D85,502.04721,-162.895362,90.0,bottom
D86,504.428462,-162.895362,90.0,bottom
D87,136.525028,-185.478125,90.0,bottom
D88,134.14375,-185.478125,90.0,bottom
D89,138.90628,-185.478125,90.0,bottom
D9,149.621914,-104.515625,90.0,bottom
D90,173.434434,-185.478125,90.0,bottom
D91,175.815686,-185.478125,90.0,bottom
D92,211.534466,-185.478125,90.0,bottom
D93,213.915718,-185.478125,90.0,bottom
D94,249.634498,-185.478125,90.0,bottom
D95,252.01575,-185.478125,90.0,bottom
D96,287.73453,-185.478125,90.0,bottom
D97,290.115782,-185.478125,90.0,bottom
D98,325.834562,-185.478125,90.0,bottom
D99,361.553342,-185.478125,90.0,bottom
J1,381.79375,-118.9375,180.0,bottom
J2,453.231422,-97.368748,0.0,top
J3,453.231422,-103.459375,0.0,top
J4,453.231422,-109.550002,0.0,top
J5,455.6125,-132.351875,0.0,top
J6,105.56875,-170.451875,0.0,top
J7,110.33125,-170.451875,0.0,top
J8,412.75,-108.539375,0.0,top
J9,382.431358,-168.628675,0.0,top
MX1,103.1875,-101.281325,0.0,top
MX10,312.7375,-101.281325,0.0,top
MX100,369.8875,-182.243825,0.0,top
MX101,412.75,-182.243825,0.0,top
MX102,455.6125,-182.243825,0.0,top
MX103,474.6625,-182.243825,0.0,top
MX104,493.7125,-182.243825,0.0,top
MX105,511.89255,-193.946875,0.0,top
MX106,512.7625,-182.243825,0.0,top
MX107,107.95,-201.293825,0.0,top
MX108,131.7625,-201.293825,0.0,top
MX109,155.575,-201.293825,0.0,top
MX11,331.7875,-101.281325,0.0,top
MX110,227.001615,-202.601925,0.0,bottom
MX111,236.5375,-202.601925,0.0,top
MX112,298.45,-201.293825,0.0,top
MX113,317.5,-201.293825,0.0,top
MX114,322.2625,-201.293825,0.0,top
MX115,341.3125,-201.293825,0.0,top
MX116,365.125,-201.293825,0.0,top
MX117,393.7,-201.293825,0.0,top
MX118,412.75,-201.293825,0.0,top
MX119,431.8,-201.293825,0.0,top
MX12,350.8375,-101.281325,0.0,top
MX120,465.1375,-202.601925,0.0,top
MX121,493.7125,-201.293825,0.0,top
MX122,512.7625,-201.293825,0.0,top
MX123,455.6125,-201.293825,0.0,top
MX124,474.6625,-201.293825,0.0,top
MX13,369.8875,-101.281325,0.0,top
MX14,393.7,-101.281325,0.0,top
MX15,412.75,-101.281325,0.0,top
MX16,431.8,-101.281325,0.0,top
MX17,474.6625,-101.281325,0.0,top
MX18,493.7125,-101.281325,0.0,top
MX19,512.7625,-101.281325,0.0,top
MX2,141.2875,-101.281325,0.0,top
MX20,103.1875,-125.093825,0.0,top
MX21,122.2375,-125.093825,0.0,top
MX22,141.2875,-125.093825,0.0,top
MX23,160.3375,-125.093825,0.0,top
MX24,179.3875,-125.093825,0.0,top
MX25,198.4375,-125.093825,0.0,top
MX26,217.4875,-125.093825,0.0,top
MX27,236.5375,-125.093825,0.0,top
MX28,255.5875,-125.093825,0.0,top
MX29,274.6375,-125.093825,0.0,top
MX3,160.3375,-101.281325,0.0,top
MX30,293.6875,-125.093825,0.0,top
MX31,312.7375,-125.093825,0.0,top
MX32,331.7875,-125.093825,0.0,top
MX33,350.8375,-125.093825,0.0,top
MX34,360.3625,-128.141825,0.0,top
MX35,393.7,-125.093825,0.0,top
MX36,412.75,-125.093825,0.0,top
MX37,431.8,-125.093825,0.0,top
MX38,455.6125,-125.093825,0.0,top
MX39,474.6625,-125.093825,0.0,top
MX4,179.3875,-101.281325,0.0,top
MX40,493.7125,-125.093825,0.0,top
MX41,512.7625,-125.093825,0.0,top
MX42,107.95,-144.143825,0.0,top
MX43,131.7625,-144.143825,0.0,top
MX44,150.8125,-144.143825,0.0,top
MX45,169.8625,-144.143825,0.0,top
MX46,188.9125,-144.143825,0.0,top
MX47,207.9625,-144.143825,0.0,top
MX48,227.0125,-144.143825,0.0,top
MX49,246.0625,-144.143825,0.0,top
MX5,198.4375,-101.281325,0.0,top
MX50,265.1125,-144.143825,0.0,top
MX51,284.1625,-144.143825,0.0,top
MX52,303.2125,-144.143825,0.0,top
MX53,322.2625,-144.143825,0.0,top
MX54,341.3125,-144.143825,0.0,top
MX55,365.125,-144.143825,0.0,top
MX56,366.6363,-155.846875,0.0,top
MX57,393.7,-144.143825,0.0,top
MX58,412.75,-144.143825,0.0,top
MX59,431.8,-144.143825,0.0,top
MX6,227.0125,-101.281325,0.0,top
MX60,455.6125,-144.143825,0.0,top
MX61,474.6625,-144.143825,0.0,top
MX62,493.7125,-144.143825,0.0,top
MX63,511.89255,-155.846875,0.0,top
MX64,512.7625,-144.143825,0.0,top
MX65,110.33125,-163.193825,0.0,top
MX66,105.56875,-163.193825,0.0,top
MX67,136.525,-163.193825,0.0,top
MX68,155.575,-163.193825,0.0,top
MX69,174.625,-163.193825,0.0,top
MX7,246.0625,-101.281325,0.0,top
MX70,193.675,-163.193825,0.0,top
MX71,212.725,-163.193825,0.0,top
MX72,231.775,-163.193825,0.0,top
MX73,250.825,-163.193825,0.0,top
MX74,269.875,-163.193825,0.0,top
MX75,288.925,-163.193825,0.0,top
MX76,307.975,-163.193825,0.0,top
MX77,327.025,-163.193825,0.0,top
MX78,346.075,-163.193825,0.0,top
MX79,357.98125,-164.501925,0.0,top
MX8,265.1125,-101.281325,0.0,top
MX80,369.8875,-125.093825,0.0,top
MX81,455.6125,-163.193825,0.0,top
MX82,474.6625,-163.193825,0.0,top
MX83,493.7125,-163.193825,0.0,top
MX84,512.7625,-163.193825,0.0,top
MX85,115.09375,-185.291825,0.0,top
MX86,105.568752,-182.243893,0.0,top
MX87,127.0,-182.243825,0.0,top
MX88,146.05,-182.243825,0.0,top
MX89,165.1,-182.243825,0.0,top
MX9,284.1625,-101.281325,0.0,top
MX90,184.15,-182.243825,0.0,top
MX91,203.2,-182.243825,0.0,top
MX92,222.25,-182.243825,0.0,top
MX93,241.3,-182.243825,0.0,top
MX94,260.35,-182.243825,0.0,top
MX95,279.4,-182.243825,0.0,top
MX96,298.45,-182.243825,0.0,top
MX97,317.5,-182.243825,0.0,top
MX98,343.69375,-182.243825,0.0,top
MX99,353.223665,-185.291825,0.0,top
Q1,406.328377,-115.010948,0.0,bottom
Q2,399.475252,-115.010948,0.0,bottom
Q3,114.9675,-171.3725,270.0,bottom
Q4,460.6875,-133.2725,270.0,bottom
Q5,417.33,-109.4625,270.0,bottom
Q8,382.672688,-198.57127,180.0,bottom
Q9,384.160188,-195.12127,90.0,bottom
R1,384.2625,-131.975,0.0,bottom
R10,396.175252,-115.960948,180.0,bottom
R11,116.284375,-174.5,135.0,bottom
R12,463.1875,-135.906251,90.0,bottom
R13,411.4875,-111.209375,270.0,bottom
R14,117.718124,-172.551876,315.0,bottom
R15,463.697499,-134.205626,0.0,bottom
R16,420.4625,-109.265625,0.0,bottom
R17,420.4625,-110.365625,0.0,bottom
R18,448.977501,-103.459375,0.0,bottom
R19,448.977501,-109.509375,0.0,bottom
R2,384.35,-139.975,0.0,bottom
R20,376.322688,-198.061271,90.0,bottom
R21,378.718896,-198.06088,270.0,bottom
R22,385.410188,-199.031269,270.0,bottom
R23,381.360188,-194.731269,270.0,bottom
R24,381.660188,-192.48377,270.0,bottom
R25,385.910188,-197.62127,180.0,bottom
R26,386.910188,-196.52127,180.0,bottom
R3,375.122688,-198.061271,90.0,bottom
R4,448.977501,-97.359375,0.0,bottom
R5,403.225252,-114.060948,180.0,bottom
R6,403.225252,-115.960948,180.0,bottom
R7,102.8375,-168.559375,0.0,bottom
R8,454.3375,-135.049376,270.0,bottom
R9,396.175253,-117.060948,180.0,bottom
SW1,376.0375,-193.559375,0.0,bottom
U1,384.235624,-135.709017,270.0,bottom
U2,412.75,-164.975,0.0,bottom
